ID,c2,scada,kms,df,im,icm,ls,searchstring,results,Performed 6-10-2021
1,FALSE,FALSE,FALSE,FALSE,TRUE,FALSE,FALSE,"-""c2"" -""c3"" -""c4"" -""Command and Control"" -""Supervisory control and data acquisition"" -""Knowledge Management"" -""Data Fusion"" -""Sensor Fusion"", -""Information Fusion"" ""Information Management"" -""Intellectual Capital Management"" -""Library Science""",962000,
2,FALSE,FALSE,TRUE,FALSE,FALSE,FALSE,FALSE,"-""c2"" -""c3"" -""c4"" -""Command and Control"" -""Supervisory control and data acquisition"" ""Knowledge Management"" -""Data Fusion"" -""Sensor Fusion"", -""Information Fusion"" -""Information Management"" -""Intellectual Capital Management"" -""Library Science""",754000,
3,FALSE,FALSE,TRUE,FALSE,TRUE,FALSE,FALSE,"-""c2"" -""c3"" -""c4"" -""Command and Control"" -""Supervisory control and data acquisition"" ""Knowledge Management"" -""Data Fusion"" -""Sensor Fusion"", -""Information Fusion"" ""Information Management"" -""Intellectual Capital Management"" -""Library Science""",278000,
4,FALSE,FALSE,FALSE,FALSE,FALSE,FALSE,TRUE,"-""c2"" -""c3"" -""c4"" -""Command and Control"" -""Supervisory control and data acquisition"" -""Knowledge Management"" -""Data Fusion"" -""Sensor Fusion"", -""Information Fusion"" -""Information Management"" -""Intellectual Capital Management"" ""Library Science""",196000,
5,FALSE,FALSE,FALSE,FALSE,TRUE,FALSE,TRUE,"-""c2"" -""c3"" -""c4"" -""Command and Control"" -""Supervisory control and data acquisition"" -""Knowledge Management"" -""Data Fusion"" -""Sensor Fusion"", -""Information Fusion"" ""Information Management"" -""Intellectual Capital Management"" ""Library Science""",39200,
6,FALSE,TRUE,FALSE,FALSE,FALSE,FALSE,FALSE,"-""c2"" -""c3"" -""c4"" -""Command and Control"" ""Supervisory control and data acquisition"" -""Knowledge Management"" -""Data Fusion"" -""Sensor Fusion"", -""Information Fusion"" -""Information Management"" -""Intellectual Capital Management"" -""Library Science""",39100,
7,TRUE,FALSE,FALSE,FALSE,FALSE,FALSE,FALSE,"((""C2"" OR ""C4"" OR ""C3"") ""Command and Control"") -""Supervisory control and data acquisition"" -""Knowledge Management"" -""Data Fusion"" -""Sensor Fusion"", -""Information Fusion"" -""Information Management"" -""Intellectual Capital Management"" -""Library Science""",38700,
8,FALSE,FALSE,FALSE,TRUE,FALSE,FALSE,FALSE,"-""c2"" -""c3"" -""c4"" -""Command and Control"" -""Supervisory control and data acquisition"" -""Knowledge Management"" (""Data Fusion"" OR ""Sensor Fusion"" OR ""Information Fusion"") -""Information Management"" -""Intellectual Capital Management"" -""Library Science""",18000,
9,FALSE,FALSE,TRUE,FALSE,TRUE,FALSE,TRUE,"-""c2"" -""c3"" -""c4"" -""Command and Control"" -""Supervisory control and data acquisition"" ""Knowledge Management"" -""Data Fusion"" -""Sensor Fusion"", -""Information Fusion"" ""Information Management"" -""Intellectual Capital Management"" ""Library Science""",11800,
10,FALSE,FALSE,FALSE,TRUE,TRUE,FALSE,FALSE,"-""c2"" -""c3"" -""c4"" -""Command and Control"" -""Supervisory control and data acquisition"" -""Knowledge Management"" (""Data Fusion"" OR ""Sensor Fusion"" OR ""Information Fusion"") ""Information Management"" -""Intellectual Capital Management"" -""Library Science""",11400,
11,FALSE,FALSE,TRUE,FALSE,FALSE,FALSE,TRUE,"-""c2"" -""c3"" -""c4"" -""Command and Control"" -""Supervisory control and data acquisition"" ""Knowledge Management"" -""Data Fusion"" -""Sensor Fusion"", -""Information Fusion"" -""Information Management"" -""Intellectual Capital Management"" ""Library Science""",10500,
12,FALSE,FALSE,TRUE,TRUE,FALSE,FALSE,FALSE,"-""c2"" -""c3"" -""c4"" -""Command and Control"" -""Supervisory control and data acquisition"" ""Knowledge Management"" (""Data Fusion"" OR ""Sensor Fusion"" OR ""Information Fusion"") -""Information Management"" -""Intellectual Capital Management"" -""Library Science""",7230,
13,FALSE,FALSE,TRUE,FALSE,FALSE,TRUE,FALSE,"-""c2"" -""c3"" -""c4"" -""Command and Control"" -""Supervisory control and data acquisition"" ""Knowledge Management"" -""Data Fusion"" -""Sensor Fusion"", -""Information Fusion"" -""Information Management"" ""Intellectual Capital Management"" -""Library Science""",5600,
14,FALSE,FALSE,FALSE,FALSE,FALSE,TRUE,FALSE,"-""c2"" -""c3"" -""c4"" -""Command and Control"" -""Supervisory control and data acquisition"" -""Knowledge Management"" -""Data Fusion"" -""Sensor Fusion"", -""Information Fusion"" -""Information Management"" ""Intellectual Capital Management"" -""Library Science""",4690,
15,TRUE,FALSE,FALSE,FALSE,TRUE,FALSE,FALSE,"((""C2"" OR ""C4"" OR ""C3"") ""Command and Control"") -""Supervisory control and data acquisition"" -""Knowledge Management"" -""Data Fusion"" -""Sensor Fusion"", -""Information Fusion"" ""Information Management"" -""Intellectual Capital Management"" -""Library Science""",4310,
16,TRUE,FALSE,FALSE,TRUE,FALSE,FALSE,FALSE,"((""C2"" OR ""C4"" OR ""C3"") ""Command and Control"") -""Supervisory control and data acquisition"" -""Knowledge Management"" (""Data Fusion"" OR ""Sensor Fusion"" OR ""Information Fusion"") -""Information Management"" -""Intellectual Capital Management"" -""Library Science""",3970,
17,FALSE,TRUE,FALSE,FALSE,TRUE,FALSE,FALSE,"-""c2"" -""c3"" -""c4"" -""Command and Control"" ""Supervisory control and data acquisition"" -""Knowledge Management"" -""Data Fusion"" -""Sensor Fusion"", -""Information Fusion"" ""Information Management"" -""Intellectual Capital Management"" -""Library Science""",2750,
18,FALSE,FALSE,TRUE,TRUE,TRUE,FALSE,FALSE,"-""c2"" -""c3"" -""c4"" -""Command and Control"" -""Supervisory control and data acquisition"" ""Knowledge Management"" (""Data Fusion"" OR ""Sensor Fusion"" OR ""Information Fusion"") ""Information Management"" -""Intellectual Capital Management"" -""Library Science""",1820,
19,FALSE,FALSE,TRUE,FALSE,TRUE,TRUE,FALSE,"-""c2"" -""c3"" -""c4"" -""Command and Control"" -""Supervisory control and data acquisition"" ""Knowledge Management"" -""Data Fusion"" -""Sensor Fusion"", -""Information Fusion"" ""Information Management"" ""Intellectual Capital Management"" -""Library Science""",1560,
20,TRUE,FALSE,TRUE,FALSE,FALSE,FALSE,FALSE,"((""C2"" OR ""C4"" OR ""C3"") ""Command and Control"") -""Supervisory control and data acquisition"" ""Knowledge Management"" -""Data Fusion"" -""Sensor Fusion"", -""Information Fusion"" -""Information Management"" -""Intellectual Capital Management"" -""Library Science""",1400,
21,FALSE,TRUE,FALSE,TRUE,FALSE,FALSE,FALSE,"-""c2"" -""c3"" -""c4"" -""Command and Control"" ""Supervisory control and data acquisition"" -""Knowledge Management"" (""Data Fusion"" OR ""Sensor Fusion"" OR ""Information Fusion"") -""Information Management"" -""Intellectual Capital Management"" -""Library Science""",1200,
22,TRUE,FALSE,FALSE,TRUE,TRUE,FALSE,FALSE,"((""C2"" OR ""C4"" OR ""C3"") ""Command and Control"") -""Supervisory control and data acquisition"" -""Knowledge Management"" (""Data Fusion"" OR ""Sensor Fusion"" OR ""Information Fusion"") ""Information Management"" -""Intellectual Capital Management"" -""Library Science""",887,
23,TRUE,FALSE,TRUE,FALSE,TRUE,FALSE,FALSE,"((""C2"" OR ""C4"" OR ""C3"") ""Command and Control"") -""Supervisory control and data acquisition"" ""Knowledge Management"" -""Data Fusion"" -""Sensor Fusion"", -""Information Fusion"" ""Information Management"" -""Intellectual Capital Management"" -""Library Science""",819,
24,FALSE,TRUE,TRUE,FALSE,FALSE,FALSE,FALSE,"-""c2"" -""c3"" -""c4"" -""Command and Control"" ""Supervisory control and data acquisition"" ""Knowledge Management"" -""Data Fusion"" -""Sensor Fusion"", -""Information Fusion"" -""Information Management"" -""Intellectual Capital Management"" -""Library Science""",751,
25,FALSE,FALSE,FALSE,TRUE,FALSE,FALSE,TRUE,"-""c2"" -""c3"" -""c4"" -""Command and Control"" -""Supervisory control and data acquisition"" -""Knowledge Management"" (""Data Fusion"" OR ""Sensor Fusion"" OR ""Information Fusion"") -""Information Management"" -""Intellectual Capital Management"" ""Library Science""",462,
26,TRUE,TRUE,FALSE,FALSE,FALSE,FALSE,FALSE,"((""C2"" OR ""C4"" OR ""C3"") ""Command and Control"") ""Supervisory control and data acquisition"" -""Knowledge Management"" -""Data Fusion"" -""Sensor Fusion"", -""Information Fusion"" -""Information Management"" -""Intellectual Capital Management"" -""Library Science""",440,
27,TRUE,FALSE,TRUE,TRUE,FALSE,FALSE,FALSE,"((""C2"" OR ""C4"" OR ""C3"") ""Command and Control"") -""Supervisory control and data acquisition"" ""Knowledge Management"" (""Data Fusion"" OR ""Sensor Fusion"" OR ""Information Fusion"") -""Information Management"" -""Intellectual Capital Management"" -""Library Science""",349,
28,FALSE,TRUE,TRUE,FALSE,TRUE,FALSE,FALSE,"-""c2"" -""c3"" -""c4"" -""Command and Control"" ""Supervisory control and data acquisition"" ""Knowledge Management"" -""Data Fusion"" -""Sensor Fusion"", -""Information Fusion"" ""Information Management"" -""Intellectual Capital Management"" -""Library Science""",327,
29,FALSE,FALSE,FALSE,FALSE,TRUE,TRUE,FALSE,"-""c2"" -""c3"" -""c4"" -""Command and Control"" -""Supervisory control and data acquisition"" -""Knowledge Management"" -""Data Fusion"" -""Sensor Fusion"", -""Information Fusion"" ""Information Management"" ""Intellectual Capital Management"" -""Library Science""",285,
30,TRUE,FALSE,TRUE,TRUE,TRUE,FALSE,FALSE,"((""C2"" OR ""C4"" OR ""C3"") ""Command and Control"") -""Supervisory control and data acquisition"" ""Knowledge Management"" (""Data Fusion"" OR ""Sensor Fusion"" OR ""Information Fusion"") ""Information Management"" -""Intellectual Capital Management"" -""Library Science""",273,
31,FALSE,TRUE,FALSE,TRUE,TRUE,FALSE,FALSE,"-""c2"" -""c3"" -""c4"" -""Command and Control"" ""Supervisory control and data acquisition"" -""Knowledge Management"" (""Data Fusion"" OR ""Sensor Fusion"" OR ""Information Fusion"") ""Information Management"" -""Intellectual Capital Management"" -""Library Science""",161,
32,FALSE,FALSE,FALSE,TRUE,TRUE,FALSE,TRUE,"-""c2"" -""c3"" -""c4"" -""Command and Control"" -""Supervisory control and data acquisition"" -""Knowledge Management"" (""Data Fusion"" OR ""Sensor Fusion"" OR ""Information Fusion"") ""Information Management"" -""Intellectual Capital Management"" ""Library Science""",133,
33,FALSE,FALSE,TRUE,TRUE,TRUE,FALSE,TRUE,"-""c2"" -""c3"" -""c4"" -""Command and Control"" -""Supervisory control and data acquisition"" ""Knowledge Management"" (""Data Fusion"" OR ""Sensor Fusion"" OR ""Information Fusion"") ""Information Management"" -""Intellectual Capital Management"" ""Library Science""",89,
34,FALSE,FALSE,TRUE,TRUE,FALSE,FALSE,TRUE,"-""c2"" -""c3"" -""c4"" -""Command and Control"" -""Supervisory control and data acquisition"" ""Knowledge Management"" (""Data Fusion"" OR ""Sensor Fusion"" OR ""Information Fusion"") -""Information Management"" -""Intellectual Capital Management"" ""Library Science""",83,
35,FALSE,FALSE,TRUE,FALSE,TRUE,TRUE,TRUE,"-""c2"" -""c3"" -""c4"" -""Command and Control"" -""Supervisory control and data acquisition"" ""Knowledge Management"" -""Data Fusion"" -""Sensor Fusion"", -""Information Fusion"" ""Information Management"" ""Intellectual Capital Management"" ""Library Science""",78,
36,TRUE,TRUE,FALSE,TRUE,FALSE,FALSE,FALSE,"((""C2"" OR ""C4"" OR ""C3"") ""Command and Control"") ""Supervisory control and data acquisition"" -""Knowledge Management"" (""Data Fusion"" OR ""Sensor Fusion"" OR ""Information Fusion"") -""Information Management"" -""Intellectual Capital Management"" -""Library Science""",71,
37,TRUE,TRUE,FALSE,FALSE,TRUE,FALSE,FALSE,"((""C2"" OR ""C4"" OR ""C3"") ""Command and Control"") ""Supervisory control and data acquisition"" -""Knowledge Management"" -""Data Fusion"" -""Sensor Fusion"", -""Information Fusion"" ""Information Management"" -""Intellectual Capital Management"" -""Library Science""",65,
38,FALSE,TRUE,TRUE,TRUE,FALSE,FALSE,FALSE,"-""c2"" -""c3"" -""c4"" -""Command and Control"" ""Supervisory control and data acquisition"" ""Knowledge Management"" (""Data Fusion"" OR ""Sensor Fusion"" OR ""Information Fusion"") -""Information Management"" -""Intellectual Capital Management"" -""Library Science""",57,
39,TRUE,FALSE,FALSE,FALSE,FALSE,FALSE,TRUE,"((""C2"" OR ""C4"" OR ""C3"") ""Command and Control"") -""Supervisory control and data acquisition"" -""Knowledge Management"" -""Data Fusion"" -""Sensor Fusion"", -""Information Fusion"" -""Information Management"" -""Intellectual Capital Management"" ""Library Science""",53,
40,FALSE,TRUE,TRUE,TRUE,TRUE,FALSE,FALSE,"-""c2"" -""c3"" -""c4"" -""Command and Control"" ""Supervisory control and data acquisition"" ""Knowledge Management"" (""Data Fusion"" OR ""Sensor Fusion"" OR ""Information Fusion"") ""Information Management"" -""Intellectual Capital Management"" -""Library Science""",48,
41,FALSE,FALSE,TRUE,FALSE,FALSE,TRUE,TRUE,"-""c2"" -""c3"" -""c4"" -""Command and Control"" -""Supervisory control and data acquisition"" ""Knowledge Management"" -""Data Fusion"" -""Sensor Fusion"", -""Information Fusion"" -""Information Management"" ""Intellectual Capital Management"" ""Library Science""",38,
42,TRUE,FALSE,FALSE,FALSE,TRUE,FALSE,TRUE,"((""C2"" OR ""C4"" OR ""C3"") ""Command and Control"") -""Supervisory control and data acquisition"" -""Knowledge Management"" -""Data Fusion"" -""Sensor Fusion"", -""Information Fusion"" ""Information Management"" -""Intellectual Capital Management"" ""Library Science""",30,
43,FALSE,TRUE,FALSE,FALSE,FALSE,FALSE,TRUE,"-""c2"" -""c3"" -""c4"" -""Command and Control"" ""Supervisory control and data acquisition"" -""Knowledge Management"" -""Data Fusion"" -""Sensor Fusion"", -""Information Fusion"" -""Information Management"" -""Intellectual Capital Management"" ""Library Science""",28,
44,TRUE,TRUE,TRUE,FALSE,FALSE,FALSE,FALSE,"((""C2"" OR ""C4"" OR ""C3"") ""Command and Control"") ""Supervisory control and data acquisition"" ""Knowledge Management"" -""Data Fusion"" -""Sensor Fusion"", -""Information Fusion"" -""Information Management"" -""Intellectual Capital Management"" -""Library Science""",25,
45,TRUE,FALSE,TRUE,FALSE,TRUE,FALSE,TRUE,"((""C2"" OR ""C4"" OR ""C3"") ""Command and Control"") -""Supervisory control and data acquisition"" ""Knowledge Management"" -""Data Fusion"" -""Sensor Fusion"", -""Information Fusion"" ""Information Management"" -""Intellectual Capital Management"" ""Library Science""",12,
46,TRUE,TRUE,FALSE,TRUE,TRUE,FALSE,FALSE,"((""C2"" OR ""C4"" OR ""C3"") ""Command and Control"") ""Supervisory control and data acquisition"" -""Knowledge Management"" (""Data Fusion"" OR ""Sensor Fusion"" OR ""Information Fusion"") ""Information Management"" -""Intellectual Capital Management"" -""Library Science""",10,
47,FALSE,FALSE,TRUE,TRUE,FALSE,TRUE,FALSE,"-""c2"" -""c3"" -""c4"" -""Command and Control"" -""Supervisory control and data acquisition"" ""Knowledge Management"" (""Data Fusion"" OR ""Sensor Fusion"" OR ""Information Fusion"") -""Information Management"" ""Intellectual Capital Management"" -""Library Science""",8,
48,TRUE,TRUE,TRUE,FALSE,TRUE,FALSE,FALSE,"((""C2"" OR ""C4"" OR ""C3"") ""Command and Control"") ""Supervisory control and data acquisition"" ""Knowledge Management"" -""Data Fusion"" -""Sensor Fusion"", -""Information Fusion"" ""Information Management"" -""Intellectual Capital Management"" -""Library Science""",7,
49,TRUE,TRUE,TRUE,TRUE,TRUE,FALSE,FALSE,"((""C2"" OR ""C4"" OR ""C3"") ""Command and Control"") ""Supervisory control and data acquisition"" ""Knowledge Management"" (""Data Fusion"" OR ""Sensor Fusion"" OR ""Information Fusion"") ""Information Management"" -""Intellectual Capital Management"" -""Library Science""",6,
50,FALSE,FALSE,FALSE,FALSE,TRUE,TRUE,TRUE,"-""c2"" -""c3"" -""c4"" -""Command and Control"" -""Supervisory control and data acquisition"" -""Knowledge Management"" -""Data Fusion"" -""Sensor Fusion"", -""Information Fusion"" ""Information Management"" ""Intellectual Capital Management"" ""Library Science""",6,
51,FALSE,FALSE,FALSE,TRUE,FALSE,TRUE,FALSE,"-""c2"" -""c3"" -""c4"" -""Command and Control"" -""Supervisory control and data acquisition"" -""Knowledge Management"" (""Data Fusion"" OR ""Sensor Fusion"" OR ""Information Fusion"") -""Information Management"" ""Intellectual Capital Management"" -""Library Science""",6,
52,TRUE,FALSE,FALSE,FALSE,FALSE,TRUE,FALSE,"((""C2"" OR ""C4"" OR ""C3"") ""Command and Control"") -""Supervisory control and data acquisition"" -""Knowledge Management"" -""Data Fusion"" -""Sensor Fusion"", -""Information Fusion"" -""Information Management"" ""Intellectual Capital Management"" -""Library Science""",6,
53,FALSE,FALSE,FALSE,FALSE,FALSE,TRUE,TRUE,"-""c2"" -""c3"" -""c4"" -""Command and Control"" -""Supervisory control and data acquisition"" -""Knowledge Management"" -""Data Fusion"" -""Sensor Fusion"", -""Information Fusion"" -""Information Management"" ""Intellectual Capital Management"" ""Library Science""",5,
54,TRUE,FALSE,FALSE,TRUE,TRUE,FALSE,TRUE,"((""C2"" OR ""C4"" OR ""C3"") ""Command and Control"") -""Supervisory control and data acquisition"" -""Knowledge Management"" (""Data Fusion"" OR ""Sensor Fusion"" OR ""Information Fusion"") ""Information Management"" -""Intellectual Capital Management"" ""Library Science""",4,
55,TRUE,FALSE,TRUE,FALSE,FALSE,TRUE,FALSE,"((""C2"" OR ""C4"" OR ""C3"") ""Command and Control"") -""Supervisory control and data acquisition"" ""Knowledge Management"" -""Data Fusion"" -""Sensor Fusion"", -""Information Fusion"" -""Information Management"" ""Intellectual Capital Management"" -""Library Science""",4,
56,FALSE,FALSE,TRUE,TRUE,TRUE,TRUE,FALSE,"-""c2"" -""c3"" -""c4"" -""Command and Control"" -""Supervisory control and data acquisition"" ""Knowledge Management"" (""Data Fusion"" OR ""Sensor Fusion"" OR ""Information Fusion"") ""Information Management"" ""Intellectual Capital Management"" -""Library Science""",3,
57,TRUE,FALSE,TRUE,FALSE,TRUE,TRUE,FALSE,"((""C2"" OR ""C4"" OR ""C3"") ""Command and Control"") -""Supervisory control and data acquisition"" ""Knowledge Management"" -""Data Fusion"" -""Sensor Fusion"", -""Information Fusion"" ""Information Management"" ""Intellectual Capital Management"" -""Library Science""",3,
58,TRUE,TRUE,TRUE,TRUE,FALSE,FALSE,FALSE,"((""C2"" OR ""C4"" OR ""C3"") ""Command and Control"") ""Supervisory control and data acquisition"" ""Knowledge Management"" (""Data Fusion"" OR ""Sensor Fusion"" OR ""Information Fusion"") -""Information Management"" -""Intellectual Capital Management"" -""Library Science""",3,
59,TRUE,FALSE,TRUE,FALSE,FALSE,FALSE,TRUE,"((""C2"" OR ""C4"" OR ""C3"") ""Command and Control"") -""Supervisory control and data acquisition"" ""Knowledge Management"" -""Data Fusion"" -""Sensor Fusion"", -""Information Fusion"" -""Information Management"" -""Intellectual Capital Management"" ""Library Science""",3,
60,FALSE,TRUE,FALSE,FALSE,TRUE,FALSE,TRUE,"-""c2"" -""c3"" -""c4"" -""Command and Control"" ""Supervisory control and data acquisition"" -""Knowledge Management"" -""Data Fusion"" -""Sensor Fusion"", -""Information Fusion"" ""Information Management"" -""Intellectual Capital Management"" ""Library Science""",2,
61,FALSE,TRUE,TRUE,FALSE,FALSE,FALSE,TRUE,"-""c2"" -""c3"" -""c4"" -""Command and Control"" ""Supervisory control and data acquisition"" ""Knowledge Management"" -""Data Fusion"" -""Sensor Fusion"", -""Information Fusion"" -""Information Management"" -""Intellectual Capital Management"" ""Library Science""",2,
62,TRUE,FALSE,FALSE,TRUE,FALSE,FALSE,TRUE,"((""C2"" OR ""C4"" OR ""C3"") ""Command and Control"") -""Supervisory control and data acquisition"" -""Knowledge Management"" (""Data Fusion"" OR ""Sensor Fusion"" OR ""Information Fusion"") -""Information Management"" -""Intellectual Capital Management"" ""Library Science""",2,
63,FALSE,TRUE,TRUE,TRUE,TRUE,FALSE,TRUE,"-""c2"" -""c3"" -""c4"" -""Command and Control"" ""Supervisory control and data acquisition"" ""Knowledge Management"" (""Data Fusion"" OR ""Sensor Fusion"" OR ""Information Fusion"") ""Information Management"" -""Intellectual Capital Management"" ""Library Science""",1,
64,TRUE,FALSE,TRUE,FALSE,TRUE,TRUE,TRUE,"((""C2"" OR ""C4"" OR ""C3"") ""Command and Control"") -""Supervisory control and data acquisition"" ""Knowledge Management"" -""Data Fusion"" -""Sensor Fusion"", -""Information Fusion"" ""Information Management"" ""Intellectual Capital Management"" ""Library Science""",1,
65,TRUE,FALSE,TRUE,TRUE,TRUE,FALSE,TRUE,"((""C2"" OR ""C4"" OR ""C3"") ""Command and Control"") -""Supervisory control and data acquisition"" ""Knowledge Management"" (""Data Fusion"" OR ""Sensor Fusion"" OR ""Information Fusion"") ""Information Management"" -""Intellectual Capital Management"" ""Library Science""",1,
66,FALSE,TRUE,TRUE,FALSE,TRUE,FALSE,TRUE,"-""c2"" -""c3"" -""c4"" -""Command and Control"" ""Supervisory control and data acquisition"" ""Knowledge Management"" -""Data Fusion"" -""Sensor Fusion"", -""Information Fusion"" ""Information Management"" -""Intellectual Capital Management"" ""Library Science""",1,
67,FALSE,TRUE,TRUE,TRUE,FALSE,FALSE,TRUE,"-""c2"" -""c3"" -""c4"" -""Command and Control"" ""Supervisory control and data acquisition"" ""Knowledge Management"" (""Data Fusion"" OR ""Sensor Fusion"" OR ""Information Fusion"") -""Information Management"" -""Intellectual Capital Management"" ""Library Science""",1,
68,TRUE,FALSE,TRUE,TRUE,FALSE,FALSE,TRUE,"((""C2"" OR ""C4"" OR ""C3"") ""Command and Control"") -""Supervisory control and data acquisition"" ""Knowledge Management"" (""Data Fusion"" OR ""Sensor Fusion"" OR ""Information Fusion"") -""Information Management"" -""Intellectual Capital Management"" ""Library Science""",1,
69,TRUE,TRUE,TRUE,FALSE,FALSE,FALSE,TRUE,"((""C2"" OR ""C4"" OR ""C3"") ""Command and Control"") ""Supervisory control and data acquisition"" ""Knowledge Management"" -""Data Fusion"" -""Sensor Fusion"", -""Information Fusion"" -""Information Management"" -""Intellectual Capital Management"" ""Library Science""",1,
70,TRUE,TRUE,TRUE,TRUE,TRUE,TRUE,TRUE,"((""C2"" OR ""C4"" OR ""C3"") ""Command and Control"") ""Supervisory control and data acquisition"" ""Knowledge Management"" (""Data Fusion"" OR ""Sensor Fusion"" OR ""Information Fusion"") ""Information Management"" ""Intellectual Capital Management"" ""Library Science""",0,
71,FALSE,TRUE,TRUE,TRUE,TRUE,TRUE,TRUE,"-""c2"" -""c3"" -""c4"" -""Command and Control"" ""Supervisory control and data acquisition"" ""Knowledge Management"" (""Data Fusion"" OR ""Sensor Fusion"" OR ""Information Fusion"") ""Information Management"" ""Intellectual Capital Management"" ""Library Science""",0,
72,TRUE,FALSE,TRUE,TRUE,TRUE,TRUE,TRUE,"((""C2"" OR ""C4"" OR ""C3"") ""Command and Control"") -""Supervisory control and data acquisition"" ""Knowledge Management"" (""Data Fusion"" OR ""Sensor Fusion"" OR ""Information Fusion"") ""Information Management"" ""Intellectual Capital Management"" ""Library Science""",0,
73,TRUE,TRUE,FALSE,TRUE,TRUE,TRUE,TRUE,"((""C2"" OR ""C4"" OR ""C3"") ""Command and Control"") ""Supervisory control and data acquisition"" -""Knowledge Management"" (""Data Fusion"" OR ""Sensor Fusion"" OR ""Information Fusion"") ""Information Management"" ""Intellectual Capital Management"" ""Library Science""",0,
74,TRUE,TRUE,TRUE,FALSE,TRUE,TRUE,TRUE,"((""C2"" OR ""C4"" OR ""C3"") ""Command and Control"") ""Supervisory control and data acquisition"" ""Knowledge Management"" -""Data Fusion"" -""Sensor Fusion"", -""Information Fusion"" ""Information Management"" ""Intellectual Capital Management"" ""Library Science""",0,
75,TRUE,TRUE,TRUE,TRUE,FALSE,TRUE,TRUE,"((""C2"" OR ""C4"" OR ""C3"") ""Command and Control"") ""Supervisory control and data acquisition"" ""Knowledge Management"" (""Data Fusion"" OR ""Sensor Fusion"" OR ""Information Fusion"") -""Information Management"" ""Intellectual Capital Management"" ""Library Science""",0,
76,TRUE,TRUE,TRUE,TRUE,TRUE,FALSE,TRUE,"((""C2"" OR ""C4"" OR ""C3"") ""Command and Control"") ""Supervisory control and data acquisition"" ""Knowledge Management"" (""Data Fusion"" OR ""Sensor Fusion"" OR ""Information Fusion"") ""Information Management"" -""Intellectual Capital Management"" ""Library Science""",0,
77,TRUE,TRUE,TRUE,TRUE,TRUE,TRUE,FALSE,"((""C2"" OR ""C4"" OR ""C3"") ""Command and Control"") ""Supervisory control and data acquisition"" ""Knowledge Management"" (""Data Fusion"" OR ""Sensor Fusion"" OR ""Information Fusion"") ""Information Management"" ""Intellectual Capital Management"" -""Library Science""",0,
78,FALSE,FALSE,TRUE,TRUE,TRUE,TRUE,TRUE,"-""c2"" -""c3"" -""c4"" -""Command and Control"" -""Supervisory control and data acquisition"" ""Knowledge Management"" (""Data Fusion"" OR ""Sensor Fusion"" OR ""Information Fusion"") ""Information Management"" ""Intellectual Capital Management"" ""Library Science""",0,
79,FALSE,TRUE,FALSE,TRUE,TRUE,TRUE,TRUE,"-""c2"" -""c3"" -""c4"" -""Command and Control"" ""Supervisory control and data acquisition"" -""Knowledge Management"" (""Data Fusion"" OR ""Sensor Fusion"" OR ""Information Fusion"") ""Information Management"" ""Intellectual Capital Management"" ""Library Science""",0,
80,FALSE,TRUE,TRUE,FALSE,TRUE,TRUE,TRUE,"-""c2"" -""c3"" -""c4"" -""Command and Control"" ""Supervisory control and data acquisition"" ""Knowledge Management"" -""Data Fusion"" -""Sensor Fusion"", -""Information Fusion"" ""Information Management"" ""Intellectual Capital Management"" ""Library Science""",0,
81,FALSE,TRUE,TRUE,TRUE,FALSE,TRUE,TRUE,"-""c2"" -""c3"" -""c4"" -""Command and Control"" ""Supervisory control and data acquisition"" ""Knowledge Management"" (""Data Fusion"" OR ""Sensor Fusion"" OR ""Information Fusion"") -""Information Management"" ""Intellectual Capital Management"" ""Library Science""",0,
82,FALSE,TRUE,TRUE,TRUE,TRUE,TRUE,FALSE,"-""c2"" -""c3"" -""c4"" -""Command and Control"" ""Supervisory control and data acquisition"" ""Knowledge Management"" (""Data Fusion"" OR ""Sensor Fusion"" OR ""Information Fusion"") ""Information Management"" ""Intellectual Capital Management"" -""Library Science""",0,
83,TRUE,FALSE,FALSE,TRUE,TRUE,TRUE,TRUE,"((""C2"" OR ""C4"" OR ""C3"") ""Command and Control"") -""Supervisory control and data acquisition"" -""Knowledge Management"" (""Data Fusion"" OR ""Sensor Fusion"" OR ""Information Fusion"") ""Information Management"" ""Intellectual Capital Management"" ""Library Science""",0,
84,TRUE,FALSE,TRUE,TRUE,FALSE,TRUE,TRUE,"((""C2"" OR ""C4"" OR ""C3"") ""Command and Control"") -""Supervisory control and data acquisition"" ""Knowledge Management"" (""Data Fusion"" OR ""Sensor Fusion"" OR ""Information Fusion"") -""Information Management"" ""Intellectual Capital Management"" ""Library Science""",0,
85,TRUE,FALSE,TRUE,TRUE,TRUE,TRUE,FALSE,"((""C2"" OR ""C4"" OR ""C3"") ""Command and Control"") -""Supervisory control and data acquisition"" ""Knowledge Management"" (""Data Fusion"" OR ""Sensor Fusion"" OR ""Information Fusion"") ""Information Management"" ""Intellectual Capital Management"" -""Library Science""",0,
86,TRUE,TRUE,FALSE,FALSE,TRUE,TRUE,TRUE,"((""C2"" OR ""C4"" OR ""C3"") ""Command and Control"") ""Supervisory control and data acquisition"" -""Knowledge Management"" -""Data Fusion"" -""Sensor Fusion"", -""Information Fusion"" ""Information Management"" ""Intellectual Capital Management"" ""Library Science""",0,
87,TRUE,TRUE,FALSE,TRUE,FALSE,TRUE,TRUE,"((""C2"" OR ""C4"" OR ""C3"") ""Command and Control"") ""Supervisory control and data acquisition"" -""Knowledge Management"" (""Data Fusion"" OR ""Sensor Fusion"" OR ""Information Fusion"") -""Information Management"" ""Intellectual Capital Management"" ""Library Science""",0,
88,TRUE,TRUE,FALSE,TRUE,TRUE,FALSE,TRUE,"((""C2"" OR ""C4"" OR ""C3"") ""Command and Control"") ""Supervisory control and data acquisition"" -""Knowledge Management"" (""Data Fusion"" OR ""Sensor Fusion"" OR ""Information Fusion"") ""Information Management"" -""Intellectual Capital Management"" ""Library Science""",0,
89,TRUE,TRUE,FALSE,TRUE,TRUE,TRUE,FALSE,"((""C2"" OR ""C4"" OR ""C3"") ""Command and Control"") ""Supervisory control and data acquisition"" -""Knowledge Management"" (""Data Fusion"" OR ""Sensor Fusion"" OR ""Information Fusion"") ""Information Management"" ""Intellectual Capital Management"" -""Library Science""",0,
90,TRUE,TRUE,TRUE,FALSE,FALSE,TRUE,TRUE,"((""C2"" OR ""C4"" OR ""C3"") ""Command and Control"") ""Supervisory control and data acquisition"" ""Knowledge Management"" -""Data Fusion"" -""Sensor Fusion"", -""Information Fusion"" -""Information Management"" ""Intellectual Capital Management"" ""Library Science""",0,
91,TRUE,TRUE,TRUE,FALSE,TRUE,FALSE,TRUE,"((""C2"" OR ""C4"" OR ""C3"") ""Command and Control"") ""Supervisory control and data acquisition"" ""Knowledge Management"" -""Data Fusion"" -""Sensor Fusion"", -""Information Fusion"" ""Information Management"" -""Intellectual Capital Management"" ""Library Science""",0,
92,TRUE,TRUE,TRUE,FALSE,TRUE,TRUE,FALSE,"((""C2"" OR ""C4"" OR ""C3"") ""Command and Control"") ""Supervisory control and data acquisition"" ""Knowledge Management"" -""Data Fusion"" -""Sensor Fusion"", -""Information Fusion"" ""Information Management"" ""Intellectual Capital Management"" -""Library Science""",0,
93,TRUE,TRUE,TRUE,TRUE,FALSE,FALSE,TRUE,"((""C2"" OR ""C4"" OR ""C3"") ""Command and Control"") ""Supervisory control and data acquisition"" ""Knowledge Management"" (""Data Fusion"" OR ""Sensor Fusion"" OR ""Information Fusion"") -""Information Management"" -""Intellectual Capital Management"" ""Library Science""",0,
94,TRUE,TRUE,TRUE,TRUE,FALSE,TRUE,FALSE,"((""C2"" OR ""C4"" OR ""C3"") ""Command and Control"") ""Supervisory control and data acquisition"" ""Knowledge Management"" (""Data Fusion"" OR ""Sensor Fusion"" OR ""Information Fusion"") -""Information Management"" ""Intellectual Capital Management"" -""Library Science""",0,
95,FALSE,FALSE,FALSE,TRUE,TRUE,TRUE,TRUE,"-""c2"" -""c3"" -""c4"" -""Command and Control"" -""Supervisory control and data acquisition"" -""Knowledge Management"" (""Data Fusion"" OR ""Sensor Fusion"" OR ""Information Fusion"") ""Information Management"" ""Intellectual Capital Management"" ""Library Science""",0,
96,FALSE,FALSE,TRUE,TRUE,FALSE,TRUE,TRUE,"-""c2"" -""c3"" -""c4"" -""Command and Control"" -""Supervisory control and data acquisition"" ""Knowledge Management"" (""Data Fusion"" OR ""Sensor Fusion"" OR ""Information Fusion"") -""Information Management"" ""Intellectual Capital Management"" ""Library Science""",0,
97,FALSE,TRUE,FALSE,FALSE,TRUE,TRUE,TRUE,"-""c2"" -""c3"" -""c4"" -""Command and Control"" ""Supervisory control and data acquisition"" -""Knowledge Management"" -""Data Fusion"" -""Sensor Fusion"", -""Information Fusion"" ""Information Management"" ""Intellectual Capital Management"" ""Library Science""",0,
98,FALSE,TRUE,FALSE,TRUE,FALSE,TRUE,TRUE,"-""c2"" -""c3"" -""c4"" -""Command and Control"" ""Supervisory control and data acquisition"" -""Knowledge Management"" (""Data Fusion"" OR ""Sensor Fusion"" OR ""Information Fusion"") -""Information Management"" ""Intellectual Capital Management"" ""Library Science""",0,
99,FALSE,TRUE,FALSE,TRUE,TRUE,FALSE,TRUE,"-""c2"" -""c3"" -""c4"" -""Command and Control"" ""Supervisory control and data acquisition"" -""Knowledge Management"" (""Data Fusion"" OR ""Sensor Fusion"" OR ""Information Fusion"") ""Information Management"" -""Intellectual Capital Management"" ""Library Science""",0,
100,FALSE,TRUE,FALSE,TRUE,TRUE,TRUE,FALSE,"-""c2"" -""c3"" -""c4"" -""Command and Control"" ""Supervisory control and data acquisition"" -""Knowledge Management"" (""Data Fusion"" OR ""Sensor Fusion"" OR ""Information Fusion"") ""Information Management"" ""Intellectual Capital Management"" -""Library Science""",0,
101,FALSE,TRUE,TRUE,FALSE,FALSE,TRUE,TRUE,"-""c2"" -""c3"" -""c4"" -""Command and Control"" ""Supervisory control and data acquisition"" ""Knowledge Management"" -""Data Fusion"" -""Sensor Fusion"", -""Information Fusion"" -""Information Management"" ""Intellectual Capital Management"" ""Library Science""",0,
102,FALSE,TRUE,TRUE,FALSE,TRUE,TRUE,FALSE,"-""c2"" -""c3"" -""c4"" -""Command and Control"" ""Supervisory control and data acquisition"" ""Knowledge Management"" -""Data Fusion"" -""Sensor Fusion"", -""Information Fusion"" ""Information Management"" ""Intellectual Capital Management"" -""Library Science""",0,
103,FALSE,TRUE,TRUE,TRUE,FALSE,TRUE,FALSE,"-""c2"" -""c3"" -""c4"" -""Command and Control"" ""Supervisory control and data acquisition"" ""Knowledge Management"" (""Data Fusion"" OR ""Sensor Fusion"" OR ""Information Fusion"") -""Information Management"" ""Intellectual Capital Management"" -""Library Science""",0,
104,TRUE,FALSE,FALSE,FALSE,TRUE,TRUE,TRUE,"((""C2"" OR ""C4"" OR ""C3"") ""Command and Control"") -""Supervisory control and data acquisition"" -""Knowledge Management"" -""Data Fusion"" -""Sensor Fusion"", -""Information Fusion"" ""Information Management"" ""Intellectual Capital Management"" ""Library Science""",0,
105,TRUE,FALSE,FALSE,TRUE,FALSE,TRUE,TRUE,"((""C2"" OR ""C4"" OR ""C3"") ""Command and Control"") -""Supervisory control and data acquisition"" -""Knowledge Management"" (""Data Fusion"" OR ""Sensor Fusion"" OR ""Information Fusion"") -""Information Management"" ""Intellectual Capital Management"" ""Library Science""",0,
106,TRUE,FALSE,FALSE,TRUE,TRUE,TRUE,FALSE,"((""C2"" OR ""C4"" OR ""C3"") ""Command and Control"") -""Supervisory control and data acquisition"" -""Knowledge Management"" (""Data Fusion"" OR ""Sensor Fusion"" OR ""Information Fusion"") ""Information Management"" ""Intellectual Capital Management"" -""Library Science""",0,
107,TRUE,FALSE,TRUE,FALSE,FALSE,TRUE,TRUE,"((""C2"" OR ""C4"" OR ""C3"") ""Command and Control"") -""Supervisory control and data acquisition"" ""Knowledge Management"" -""Data Fusion"" -""Sensor Fusion"", -""Information Fusion"" -""Information Management"" ""Intellectual Capital Management"" ""Library Science""",0,
108,TRUE,FALSE,TRUE,TRUE,FALSE,TRUE,FALSE,"((""C2"" OR ""C4"" OR ""C3"") ""Command and Control"") -""Supervisory control and data acquisition"" ""Knowledge Management"" (""Data Fusion"" OR ""Sensor Fusion"" OR ""Information Fusion"") -""Information Management"" ""Intellectual Capital Management"" -""Library Science""",0,
109,TRUE,TRUE,FALSE,FALSE,FALSE,TRUE,TRUE,"((""C2"" OR ""C4"" OR ""C3"") ""Command and Control"") ""Supervisory control and data acquisition"" -""Knowledge Management"" -""Data Fusion"" -""Sensor Fusion"", -""Information Fusion"" -""Information Management"" ""Intellectual Capital Management"" ""Library Science""",0,
110,TRUE,TRUE,FALSE,FALSE,TRUE,FALSE,TRUE,"((""C2"" OR ""C4"" OR ""C3"") ""Command and Control"") ""Supervisory control and data acquisition"" -""Knowledge Management"" -""Data Fusion"" -""Sensor Fusion"", -""Information Fusion"" ""Information Management"" -""Intellectual Capital Management"" ""Library Science""",0,
111,TRUE,TRUE,FALSE,FALSE,TRUE,TRUE,FALSE,"((""C2"" OR ""C4"" OR ""C3"") ""Command and Control"") ""Supervisory control and data acquisition"" -""Knowledge Management"" -""Data Fusion"" -""Sensor Fusion"", -""Information Fusion"" ""Information Management"" ""Intellectual Capital Management"" -""Library Science""",0,
112,TRUE,TRUE,FALSE,TRUE,FALSE,FALSE,TRUE,"((""C2"" OR ""C4"" OR ""C3"") ""Command and Control"") ""Supervisory control and data acquisition"" -""Knowledge Management"" (""Data Fusion"" OR ""Sensor Fusion"" OR ""Information Fusion"") -""Information Management"" -""Intellectual Capital Management"" ""Library Science""",0,
113,TRUE,TRUE,FALSE,TRUE,FALSE,TRUE,FALSE,"((""C2"" OR ""C4"" OR ""C3"") ""Command and Control"") ""Supervisory control and data acquisition"" -""Knowledge Management"" (""Data Fusion"" OR ""Sensor Fusion"" OR ""Information Fusion"") -""Information Management"" ""Intellectual Capital Management"" -""Library Science""",0,
114,TRUE,TRUE,TRUE,FALSE,FALSE,TRUE,FALSE,"((""C2"" OR ""C4"" OR ""C3"") ""Command and Control"") ""Supervisory control and data acquisition"" ""Knowledge Management"" -""Data Fusion"" -""Sensor Fusion"", -""Information Fusion"" -""Information Management"" ""Intellectual Capital Management"" -""Library Science""",0,
115,FALSE,FALSE,FALSE,TRUE,FALSE,TRUE,TRUE,"-""c2"" -""c3"" -""c4"" -""Command and Control"" -""Supervisory control and data acquisition"" -""Knowledge Management"" (""Data Fusion"" OR ""Sensor Fusion"" OR ""Information Fusion"") -""Information Management"" ""Intellectual Capital Management"" ""Library Science""",0,
116,FALSE,FALSE,FALSE,TRUE,TRUE,TRUE,FALSE,"-""c2"" -""c3"" -""c4"" -""Command and Control"" -""Supervisory control and data acquisition"" -""Knowledge Management"" (""Data Fusion"" OR ""Sensor Fusion"" OR ""Information Fusion"") ""Information Management"" ""Intellectual Capital Management"" -""Library Science""",0,
117,FALSE,TRUE,FALSE,FALSE,FALSE,TRUE,TRUE,"-""c2"" -""c3"" -""c4"" -""Command and Control"" ""Supervisory control and data acquisition"" -""Knowledge Management"" -""Data Fusion"" -""Sensor Fusion"", -""Information Fusion"" -""Information Management"" ""Intellectual Capital Management"" ""Library Science""",0,
118,FALSE,TRUE,FALSE,FALSE,TRUE,TRUE,FALSE,"-""c2"" -""c3"" -""c4"" -""Command and Control"" ""Supervisory control and data acquisition"" -""Knowledge Management"" -""Data Fusion"" -""Sensor Fusion"", -""Information Fusion"" ""Information Management"" ""Intellectual Capital Management"" -""Library Science""",0,
119,FALSE,TRUE,FALSE,TRUE,FALSE,FALSE,TRUE,"-""c2"" -""c3"" -""c4"" -""Command and Control"" ""Supervisory control and data acquisition"" -""Knowledge Management"" (""Data Fusion"" OR ""Sensor Fusion"" OR ""Information Fusion"") -""Information Management"" -""Intellectual Capital Management"" ""Library Science""",0,
120,FALSE,TRUE,FALSE,TRUE,FALSE,TRUE,FALSE,"-""c2"" -""c3"" -""c4"" -""Command and Control"" ""Supervisory control and data acquisition"" -""Knowledge Management"" (""Data Fusion"" OR ""Sensor Fusion"" OR ""Information Fusion"") -""Information Management"" ""Intellectual Capital Management"" -""Library Science""",0,
121,FALSE,TRUE,TRUE,FALSE,FALSE,TRUE,FALSE,"-""c2"" -""c3"" -""c4"" -""Command and Control"" ""Supervisory control and data acquisition"" ""Knowledge Management"" -""Data Fusion"" -""Sensor Fusion"", -""Information Fusion"" -""Information Management"" ""Intellectual Capital Management"" -""Library Science""",0,
122,TRUE,FALSE,FALSE,FALSE,FALSE,TRUE,TRUE,"((""C2"" OR ""C4"" OR ""C3"") ""Command and Control"") -""Supervisory control and data acquisition"" -""Knowledge Management"" -""Data Fusion"" -""Sensor Fusion"", -""Information Fusion"" -""Information Management"" ""Intellectual Capital Management"" ""Library Science""",0,
123,TRUE,FALSE,FALSE,FALSE,TRUE,TRUE,FALSE,"((""C2"" OR ""C4"" OR ""C3"") ""Command and Control"") -""Supervisory control and data acquisition"" -""Knowledge Management"" -""Data Fusion"" -""Sensor Fusion"", -""Information Fusion"" ""Information Management"" ""Intellectual Capital Management"" -""Library Science""",0,
124,TRUE,FALSE,FALSE,TRUE,FALSE,TRUE,FALSE,"((""C2"" OR ""C4"" OR ""C3"") ""Command and Control"") -""Supervisory control and data acquisition"" -""Knowledge Management"" (""Data Fusion"" OR ""Sensor Fusion"" OR ""Information Fusion"") -""Information Management"" ""Intellectual Capital Management"" -""Library Science""",0,
125,TRUE,TRUE,FALSE,FALSE,FALSE,FALSE,TRUE,"((""C2"" OR ""C4"" OR ""C3"") ""Command and Control"") ""Supervisory control and data acquisition"" -""Knowledge Management"" -""Data Fusion"" -""Sensor Fusion"", -""Information Fusion"" -""Information Management"" -""Intellectual Capital Management"" ""Library Science""",0,
126,TRUE,TRUE,FALSE,FALSE,FALSE,TRUE,FALSE,"((""C2"" OR ""C4"" OR ""C3"") ""Command and Control"") ""Supervisory control and data acquisition"" -""Knowledge Management"" -""Data Fusion"" -""Sensor Fusion"", -""Information Fusion"" -""Information Management"" ""Intellectual Capital Management"" -""Library Science""",0,
127,FALSE,TRUE,FALSE,FALSE,FALSE,TRUE,FALSE,"-""c2"" -""c3"" -""c4"" -""Command and Control"" ""Supervisory control and data acquisition"" -""Knowledge Management"" -""Data Fusion"" -""Sensor Fusion"", -""Information Fusion"" -""Information Management"" ""Intellectual Capital Management"" -""Library Science""",0,
